{"Basic Information": {"Username": "bluntslutbambi", "Name": "Bambi", "Creation Date": "2019-12-01 20:06:01 UTC"}, "Device Information": {"Make": "", "Model ID": "", "Model Name": "", "User Agent": "", "Language": "", "OS Type": "", "OS Version": "", "Connection Type": ""}, "Device History": [], "Privacy Policy and Terms of Service Acceptance History": [], "Custom Creative Tools Terms": [], "Login History": [{"IP": "75.169.156.180", "Country": "US", "Created": "2022-01-27 00:37:39 UTC", "Status": "success", "Device": "Mozilla/5.0 (iPhone; CPU iPhone OS 14_8 like Mac OS X) AppleWebKit/605.1.15 (KHTML, like Gecko) CriOS/97.0.4692.84 Mobile/15E148 Safari/604.1"}, {"IP": "50.243.8.229", "Country": "US", "Created": "2021-11-15 22:37:14 UTC", "Status": "success", "Device": "Snapchat/11.53.0.27 (iPod9,1; iOS 15.1; gzip)"}, {"IP": "50.243.8.229", "Country": "US", "Created": "2021-11-15 22:36:12 UTC", "Status": "success", "Device": "Snapchat/11.53.0.27 (iPod9,1; iOS 15.1; gzip)"}]}