{"Display Name Change": [{"Date": "2019-12-01 20:06:02 UTC", "Display Name": "Bambi"}], "Email Change": [{"Date": "2019-12-12 09:16:16 UTC", "Email Address": "blunt.slut.5.5@gmail.com"}, {"Date": "2019-12-12 09:14:45 UTC", "Email Address": "blunt.slut.5.5@gmail.com"}, {"Date": "2019-12-01 20:08:22 UTC", "Email Address": "blunt.slut.5.5@gmail.com"}], "Mobile Number Change": [{"Date": "2019-12-01 20:09:07 UTC", "Mobile Number": "+16197518644"}], "Password Change": [{"Date": "2021-11-15 22:33:21 UTC"}], "Snapchat Linked to Bitmoji": [], "Spectacles": [], "Two-Factor Authentication": [], "Account deactivated / reactivated": []}