{"Email Campaign Subscriptions": [{"Email Campaign": "Creative Effects", "Opt Out Status": ""}, {"Email Campaign": "Product Updates", "Opt Out Status": ""}, {"Email Campaign": "Discover Updates", "Opt Out Status": ""}, {"Email Campaign": "Research Surveys", "Opt Out Status": ""}, {"Email Campaign": "Lens Studio", "Opt Out Status": ""}, {"Email Campaign": "Developer Platform Update", "Opt Out Status": ""}, {"Email Campaign": "Friending", "Opt Out Status": ""}], "Email Campaign History": [{"Email Subject": "New Day, New Lenses", "Date": "2021-11-29 20:43:28 UTC"}, {"Email Subject": "Add some fun to your video chats with Snap Camera! \ud83d\udc7b", "Date": "2020-04-25 19:58:45 UTC"}, {"Email Subject": "Take a Moment for Yourselfie", "Date": "2020-02-21 19:47:08 UTC"}]}