{"Friends": [{"Username": "teamsnapchat", "Display Name": "Team Snapchat", "Creation Timestamp": "2019-12-01 20:06:02 UTC", "Last Modified Timestamp": "2019-12-01 20:06:02 UTC", "Source": "added by unknown"}, {"Username": "bluntslutbambi", "Display Name": "Bambi", "Creation Timestamp": "2019-12-01 20:06:02 UTC", "Last Modified Timestamp": "2019-12-01 20:06:02 UTC", "Source": "added by unknown"}], "Friend Requests Sent": [], "Blocked Users": [], "Deleted Friends": [], "Hidden Friend Suggestions": [{"Username": "theangelafiles", "Display Name": "Angela Lee", "Creation Timestamp": "", "Last Modified Timestamp": "", "Source": "added by unknown"}, {"Username": "luicuelui", "Display Name": "Lui", "Creation Timestamp": "", "Last Modified Timestamp": "", "Source": "added by unknown"}], "Ignored Snapchatters": [], "Pending Requests": [], "Shortcuts": []}