{"Snap Inc. Terms of Service": [{"Version": "Snap Privacy Policy &amp; Terms of Service - September 26, 2017", "Acceptance Date": "2019-12-01 20:06:01 UTC"}, {"Version": "Snap Privacy Policy &amp; Terms of Service - September 30, 2019", "Acceptance Date": "2019-12-01 20:06:01 UTC"}, {"Version": "Snap Privacy Policy &amp; Terms of Service - September 30, 2021", "Acceptance Date": "2021-11-15 22:36:15 UTC"}, {"Version": "Snap Terms of Service - February 18, 2019", "Acceptance Date": "2019-12-01 20:06:01 UTC"}, {"Version": "Memories Terms of Service", "Acceptance Date": "2020-02-04 12:58:13 UTC"}], "Custom Creative Tools Terms": [], "Business Services Terms": [], "Games Terms": []}