{"App Profile": {"Country": "", "Creation Time": "", "Account Creation Country": "US", "Platform Version": "IOS", "In-app Language": "en"}, "Demographics": {"Cohort Age": "AGE_18_TO_20", "Derived Ad Demographic": "FEMALE"}, "Subscriptions": [], "Engagement": [], "Discover Channels Viewed": [], "Breakdown of Time Spent on App": [], "Ads You Interacted With": [], "Interest Categories": ["Gamers", "Running Enthusiasts", "Mobile Gamers - Role Playing Games (RPG)", "Mobile Gamers - Casino", "Mobile Gamers - Simulation", "Film & TV Fans", "Fashion & Style Gurus", "Mobile Gamers - Mid-Core and Hardcore", "Gamers - HEC", "Cordcutters - HEC", "Shoppers - HEC", "Mobile Gamers - Sports", "Chat Fiction Enthusiasts", "Fitness Enthusiasts", "Mobile Gamers", "Film & TV Fans - HEC", "Mobile Gamers - Hypercasual", "Cordcutters", "Online Shoppers", "Shoppers", "Mobile Gamers - Casual"], "Geographic Information": [], "Interactions": {"Web Interactions": ["snapchat.com"], "App Interactions": []}, "Off-Platform Sharing": [], "Mobile Ad Id": ""}